[{"ProductName":"TRAMADOL HYDROCHLORIDE","Price":516.48,"SellerName":null},{"ProductName":"Allopurinol","Price":518.50,"SellerName":"Anna Clark"},{"ProductName":"Parsley","Price":519.06,"SellerName":"Jeremy Woods"},{"ProductName":"equaline","Price":520.45,"SellerName":"Jonathan Rodriguez"},{"ProductName":"Extra Strength Pain Reliever PM","Price":542.72,"SellerName":"Ann Stevens"},{"ProductName":"Propranolol Hydrochloride","Price":546.95,"SellerName":"Ann Stevens"},{"ProductName":"Prednisone","Price":550.72,"SellerName":"Jonathan Rodriguez"},{"ProductName":"TERSI","Price":554.91,"SellerName":"Jeremy Woods"},{"ProductName":"DAYWEAR PLUS MULTI PROTECTION TINTED MOISTURIZER","Price":555.12,"SellerName":"Wanda Harris"},{"ProductName":"PLANTAGO LANCEOLATA POLLEN","Price":561.68,"SellerName":"Rachel Johnson"},{"ProductName":"Echinacea Quartz Gum Support","Price":570.08,"SellerName":"Nicole Martinez"},{"ProductName":"Topiramate","Price":578.77,"SellerName":null},{"ProductName":"AIR","Price":581.69,"SellerName":null},{"ProductName":"Agaricus Equisetum Special Order","Price":585.93,"SellerName":null},{"ProductName":"Gemcitabine","Price":594.79,"SellerName":"Brandon Fuller"},{"ProductName":"Ketorolac Tromethamine","Price":608.18,"SellerName":null},{"ProductName":"Pleo Ginkgo","Price":613.65,"SellerName":"Billy Parker"},{"ProductName":"Diastat","Price":614.14,"SellerName":"Betty Lawson"},{"ProductName":"No7 Protect and Perfect Foundation Sunscreen Broad Spectrum SPF 15 Cool Ivory","Price":616.19,"SellerName":"Amanda Frazier"},{"ProductName":"Glipizide","Price":621.78,"SellerName":"Jacqueline Perez"},{"ProductName":"AMARANTHUS PALMERI POLLEN","Price":623.16,"SellerName":null},{"ProductName":"Foaming Hand Sanitizer","Price":624.72,"SellerName":"Anna Parker"},{"ProductName":"ziprasidone hydrochloride","Price":628.66,"SellerName":null},{"ProductName":"AVANDAMET","Price":632.08,"SellerName":"Thomas Snyder"},{"ProductName":"Imipramine Hydrochloride","Price":648.69,"SellerName":"Joshua Murray"},{"ProductName":"Childrens Allegra Allergy","Price":650.97,"SellerName":"Kathy Gilbert"},{"ProductName":"Strattera","Price":658.54,"SellerName":"Gloria Alexander"},{"ProductName":"Amitiza","Price":666.58,"SellerName":"Patricia Fuller"},{"ProductName":"ENBREL","Price":673.97,"SellerName":"Carl Lawson"},{"ProductName":"Ampicillin","Price":674.63,"SellerName":"Gloria Alexander"},{"ProductName":"PRIMAXIN","Price":686.66,"SellerName":"Emily Parker"},{"ProductName":"CLARINS Ever Matte SPF 15 - 105 Nude","Price":696.06,"SellerName":null},{"ProductName":"CALMING DIAPER RASH","Price":700.92,"SellerName":"Christine Gomez"},{"ProductName":"Acnezzol Base","Price":710.60,"SellerName":"Nicole Harris"},{"ProductName":"Prostate","Price":716.05,"SellerName":"Emily Parker"},{"ProductName":"Pleo Lat","Price":720.08,"SellerName":"Jean Henry"},{"ProductName":"GOONG SECRET CALMING BATH","Price":742.47,"SellerName":"Fred Barnes"},{"ProductName":"Warfarin Sodium","Price":770.05,"SellerName":"Thomas Snyder"},{"ProductName":"Pollens - Weeds and Garden Plants, Nettle Urtica dioica","Price":782.77,"SellerName":"Patricia Fuller"},{"ProductName":"Isosorbide Mononitrate","Price":789.91,"SellerName":"Marie Williamson"},{"ProductName":"Naproxen","Price":807.22,"SellerName":"Jean Henry"},{"ProductName":"Meloxicam","Price":809.18,"SellerName":"Eugene Stewart"},{"ProductName":"Clarins Paris Skin Illusion - 114 cappuccino","Price":811.42,"SellerName":null},{"ProductName":"Azithromycin","Price":813.87,"SellerName":"Arthur Reynolds"},{"ProductName":"LV-FX","Price":820.87,"SellerName":"Sandra Riley"},{"ProductName":"IOPE SUPER VITAL","Price":824.68,"SellerName":"Sarah Day"},{"ProductName":"Aquafresh","Price":849.93,"SellerName":null},{"ProductName":"RESCRIPTOR","Price":850.52,"SellerName":"Patricia Cooper"},{"ProductName":"Moore Medical Sinus Pain and Pressure Relief","Price":855.39,"SellerName":null},{"ProductName":"Shopko Lip Treatment","Price":861.42,"SellerName":"Patricia Cooper"},{"ProductName":"Perrigo Benzoyl Peroxide","Price":873.24,"SellerName":"Patricia Fuller"},{"ProductName":"E